{
  "G_ticket": {},
  "count": {
    "kick": 0,
    "cancel": 0,
    "invite": 0,
    "msg": 0,
    "accept": 0,
    "allreq": 0,
    "duedate": {},
    "runtime": 0
  },
  "fast": true,
  "force": [],
  "invite": {
    "STKID": 0,
    "STKPKGID": "",
    "STKVER": "",
    "respon": ""
  },
  "master": {
    "u1e5aa9ea08d3fb88cd34c7166ec8c4ff": true,
    "u1e5aa9ea08d3fb88cd34c7166ec8c4fa": true,
    "u27f0f5467808ca1af2ce7b014e4fed3d": true
  },
  "protect": {},
  "sbyall": {
    "STKID": 22987198,
    "STKPKGID": "1711359",
    "STKVER": "1"
  },
  "scb": {
    "STKID": 145,
    "STKPKGID": "2",
    "STKVER": "100"
  },
  "skick": {
    "STKID": 219895,
    "STKPKGID": "2000010",
    "STKVER": "2"
  },
  "squad": {
    "u1e5aa9ea08d3fb88cd34c7166ec8c4ff": true,
  },
  "srp": {
    "STKID": 219980,
    "STKPKGID": "2000010",
    "STKVER": "2",
    "respon": " om THR om"
  },
  "steal": {
    "logo": "",
    "prefix": ","
  },
  "token_user": {
    "u76d9dc7ba456668e75595396323679f1": "4ce3e1e3086274672827650d989acf5fb9e6a873325490e8647c5c6d3d1db64f",
    "u27f0f5467808ca1af2ce7b014e4fed3d": "a0c08c056e3f294700fe0362c65a62fea6abf1048e132d3ee93b2e055389243e"
  },
  "turbo": true,
  "ws": {},
  "lastmsg": "",
  "resadd": "",
  "purge": false,
  "linkSquad": {}
}